unit_link,lith_rank,lith1,lith2,lith3,lith4,lith5,low_lith,lith_form,lith_com
SDTc;0,Major,Sedimentary,Clastic,Sandstone,,,Sandstone,Bed, 
SDMDpe;0,Minor,Sedimentary,Chemical,Chert,,,Chert,Bed ,
SDTo;0,Minor,Sedimentary,Clastic,Conglomerate,,,Conglomerate,Bed ,
SDTb;0,Major,Sedimentary,Clastic,Conglomerate,,,Conglomerate,Bed ,
SDTb;0,Major,Sedimentary,Clastic,Sandstone,Arkose,,Arkose,Bed ,
SDTa;0,Major,Sedimentary,Clastic,Siltstone,,,Siltstone,Bed ,
SDTa;0,Major,Sedimentary,Clastic,Sandstone,,,Sandstone,Bed ,
SDTa;0,Minor,Sedimentary,Clastic,Mudstone,Claystone,,Claystone,Bed ,
SDTa;0,Minor,Igneous,Volcanic,,,,Volcanic,Volcaniclastic ,
SDTa;0,Minor,Sedimentary,Carbonate,Marlstone,,,Marlstone,Bed ,
SDTw;0,Major,Sedimentary,Clastic,Mudstone,Claystone,,Claystone,Bed ,
SDTw;0,Major,Sedimentary,Clastic,Siltstone,,,Siltstone,Bed ,
SDTw;0,Major,Sedimentary,Clastic,Mudstone,Claystone,,Claystone,Bed ,
SDTw;0,Major,Sedimentary,Clastic,Sandstone,,,Sandstone,Bed ,
SDTw;0,Minor,Sedimentary,Clastic,Conglomerate,,,Conglomerate,Bed ,
SDTp;0,Major,Igneous,Hypabyssal,Felsic-hypabyssal,Hypabyssal-felsic-alkaline,,Hypabyssal-felsic-alkaline,Dike or sill,Phonolite 
SDTp;0,Major,Igneous,Hypabyssal,Felsic-hypabyssal,Hypabyssal-trachyte,,Hypabyssal-trachyte,Laccolith, 
SDTt;0,Major,Igneous,Hypabyssal,Felsic-hypabyssal,Hypabyssal-trachyte,,Hypabyssal-trachyte,Stock or pipe, 
SDTt;0,Major,Igneous,Hypabyssal,Felsic-hypabyssal,Hypabyssal-quartz-trachyte,,Hypabyssal-quartz-trachyte,Laccolith, 
SDTt;0,Major,Igneous,Hypabyssal,Felsic-hypabyssal,Hypabyssal-rhyolite,,Hypabyssal-rhyolite,Dike or sill, 
SDTl;0,"Indeterminate, major",Igneous,Hypabyssal,Felsic-hypabyssal,Hypabyssal-latite,,Hypabyssal-latite,Laccolith, 
SDTl;0,"Indeterminate, major",Igneous,Hypabyssal,Mafic-hypabyssal,Hypabyssal-andesite,,Hypabyssal-andesite,Dike or sill, 
SDTr;0,Major,Igneous,Hypabyssal,Felsic-hypabyssal,Hypabyssal-rhyolite,,Hypabyssal-rhyolite,Stock or pipe, 
SDTtr;0,Major,Sedimentary,Clastic,Sandstone,,,Sandstone,Bed, 
SDTtr;0,Major,Sedimentary,Clastic,Mudstone,Claystone,,Claystone,Bed, 
SDTtr;0,Major,Sedimentary,Clastic,Siltstone,,,Siltstone,Bed, 
SDTtr;0,Minor,Sedimentary,Coal,,,,Coal,Bed, 
SDTc;0,Major,Sedimentary,Clastic,Siltstone,,,Siltstone,Bed, 
SDTll;0,Minor,Sedimentary,Clastic,Siltstone,,,Siltstone,Bed, 
SDTll;0,Minor,Sedimentary,Clastic,Mudstone,Claystone,,Claystone,Bed, 
SDKh;0,Major,Sedimentary,Clastic,Mudstone,Shale,,Shale,Bed, 
SDKh;0,Major,Sedimentary,Clastic,Siltstone,,,Siltstone,Bed, 
SDKh;0,Major,Sedimentary,Clastic,Sandstone,,,Sandstone,Bed, 
SDKh;0,Major,Sedimentary,Clastic,Conglomerate,,,Conglomerate,Bed, 
SDKfh;0,Major,Sedimentary,Clastic,Sandstone,,,Sandstone,Bed, 
SDKfh;0,Major,Sedimentary,Clastic,Siltstone,,,Siltstone,Bed, 
SDKfh;0,Major,Sedimentary,Clastic,Mudstone,Shale,,Shale,Bed, 
SDKp;0,Major,Sedimentary,Clastic,Mudstone,Shale,,Shale,Bed, 
SDKp;0,Minor,Sedimentary,Clastic,Sandstone,,,Sandstone,Bed, 
SDKp;0,Minor,Sedimentary,Clastic,Conglomerate,,,Conglomerate,Bed, 
SDKn;0,Major,Sedimentary,Carbonate,Limestone,,,Limestone,Bed,Chalk=limestone 
SDKn;0,Major,Sedimentary,Carbonate,Marlstone,,,Marlstone,Bed, 
SDKn;0,Major,Sedimentary,Clastic,Mudstone,Shale,,Shale,Bed, 
SDKn;0,Minor,Sedimentary,Clastic,Sandstone,,,Sandstone,Bed, 
SDKc;0,Major,Sedimentary,Clastic,Mudstone,Shale,,Shale,Bed ,
SDKc;0,Minor,Sedimentary,Clastic,Sandstone,,,Sandstone,Bed ,
SDKc;0,Minor,Sedimentary,Carbonate,Marlstone,,,Marlstone,Bed ,
SDKMgp;0,Major,Sedimentary,Clastic,Sandstone,,,Sandstone,Bed ,
SDKMgp;0,Major,Sedimentary,Clastic,Siltstone,,,Siltstone,Bed ,
SDKMgp;0,Major,Sedimentary,Clastic,Mudstone,Shale,,Shale,Bed ,
SDKMgp;0,Major,Sedimentary,Clastic,Mudstone,Claystone,,Claystone,Bed ,
SDKMgp;0,Major,Sedimentary,Clastic,Mudstone,,,Mudstone,Bed ,
SDKMgp;0,Minor,Sedimentary,Carbonate,Limestone,,,Limestone,Bed ,
SDKMgp;0,Minor,Sedimentary,Clastic,Conglomerate,,,Conglomerate,Bed ,
SDKMgp;0,Minor,Sedimentary,Carbonate,Marlstone,,,Marlstone,Bed ,
SDKg;0,Major,Sedimentary,Clastic,Mudstone,Shale,,Shale,Bed ,
SDKg;0,Major,Sedimentary,Clastic,Mudstone,,,Mudstone,Bed ,
SDKg;0,Major,Sedimentary,Carbonate,Marlstone,,,Marlstone,Bed ,
SDKg;0,Major,Sedimentary,Carbonate,Limestone,,,Limestone,Bed ,
SDKbs;0,Major,Sedimentary,Clastic,Mudstone,Shale,,Shale,Bed ,
SDKbs;0,Major,Sedimentary,Clastic,Siltstone,,,Siltstone,Bed ,
SDKbs;0,Major,Sedimentary,Clastic,Mudstone,Claystone,,Claystone,Bed ,
SDKbs;0,Major,Sedimentary,Clastic,Sandstone,,,Sandstone,Bed ,
SDKbs;0,Incidental,Sedimentary,Carbonate,Limestone,,,Limestone,Bed ,
SDKbs;0,Incidental,Sedimentary,Clastic,Mudstone,Claystone,,Claystone,Bed ,
SDKb;0,Major,Sedimentary,Clastic,Mudstone,Shale,,Shale,Bed ,
SDKb;0,Minor,Sedimentary,Carbonate,Limestone,,,Limestone,Bed ,
SDKms;0,Major,Sedimentary,Clastic,Mudstone,Shale,,Shale,Bed ,
SDKms;0,Major,Sedimentary,Clastic,Siltstone,,,Siltstone,Bed ,
SDKms;0,Minor,Sedimentary,Clastic,Sandstone,,,Sandstone,Bed ,
SDKms;0,Minor,Sedimentary,Clastic,Mudstone,Claystone,,Claystone,Bed ,
SDKfl;0,Major,Sedimentary,Clastic,Mudstone,Shale,,Shale,Bed ,
SDKfl;0,Major,Sedimentary,Clastic,Sandstone,,,Sandstone,Bed ,
SDKfl;0,Major,Sedimentary,Clastic,Conglomerate,,,Conglomerate,Bed ,
SDKfl;0,Major,Sedimentary,Clastic,Siltstone,,,Siltstone,Bed ,
SDKfl;0,Minor,Sedimentary,Carbonate,Limestone,,,Limestone,Bed ,
SDJms;0,Major,Sedimentary,Clastic,Sandstone,,,Sandstone,Bed ,
SDJms;0,Major,Sedimentary,Clastic,Siltstone,,,Siltstone,Bed ,
SDJms;0,Major,Sedimentary,Clastic,Mudstone,Claystone,,Claystone,Bed ,
SDJms;0,Major,Sedimentary,Clastic,Mudstone,Claystone,,Claystone,Bed ,
SDJms;0,Major,Sedimentary,Clastic,Mudstone,Shale,,Shale,Bed ,
SDJms;0,Minor,Sedimentary,Carbonate,Limestone,,,Limestone,Bed ,
SDJms;0,Minor,Sedimentary,Chemical,Evaporite,Gypsum,,Gypsum,Bed ,
SDTRPs;0,Major,Sedimentary,Clastic,Mudstone,Shale,,Shale,Bed ,
SDTRPs;0,Major,Sedimentary,Clastic,Siltstone,,,Siltstone,Bed ,
SDTRPs;0,Major,Sedimentary,Clastic,Sandstone,,,Sandstone,Bed ,
SDTRPs;0,Major,Sedimentary,Chemical,Evaporite,Gypsum,,Gypsum,Bed ,
SDTRPs;0,Minor,Sedimentary,Carbonate,Limestone,,,Limestone,Bed ,
SDPmo;0,Major,Sedimentary,Clastic,Siltstone,,,Siltstone,Bed ,
SDPmo;0,Major,Sedimentary,Clastic,Sandstone,,,Sandstone,Bed ,
SDPmo;0,Major,Sedimentary,Clastic,Mudstone,Shale,,Shale,Bed ,
SDPmo;0,Major,Sedimentary,Carbonate,Limestone,,,Limestone,Bed ,
SDPPAm;0,Major,Sedimentary,Clastic,Sandstone,,,Sandstone,Bed ,
SDPPAm;0,Major,Sedimentary,Clastic,Siltstone,,,Siltstone,Bed ,
SDPPAm;0,Major,Sedimentary,Clastic,Mudstone,Shale,,Shale,Bed ,
SDPPAm;0,Major,Sedimentary,Carbonate,Limestone,,,Limestone,Bed ,
SDPPAm;0,Major,Sedimentary,Carbonate,Dolostone,,,Dolostone,Bed ,
SDPPAm;0,Major,Sedimentary,Chemical,Chert,,,Chert,Bed ,
SDMCApd;0,Major,Sedimentary,Clastic,Conglomerate,,,Conglomerate,Bed ,
SDMCApd;0,Major,Sedimentary,Carbonate,Limestone,,,Limestone,Bed ,
SDMCApd;0,Major,Sedimentary,Carbonate,Dolostone,,,Dolostone,Bed ,
SDMCApd;0,Major,Sedimentary,Clastic,Mudstone,Shale,,Shale,Bed ,
SDMCApd;0,Major,Sedimentary,Clastic,Siltstone,,,Siltstone,Bed ,
SDMDpe;0,Major,Sedimentary,Carbonate,Limestone,,,Limestone,Bed ,
SDOCAwd;0,Major,Sedimentary,Clastic,Conglomerate,,,Conglomerate,Bed ,
SDOCAwd;0,Major,Sedimentary,Clastic,Mudstone,Shale,,Shale,Bed ,
SDOCAwd;0,Major,Sedimentary,Carbonate,Limestone,,,Limestone,Bed ,
SDOCAwd;0,Major,Sedimentary,Carbonate,Dolostone,,,Dolostone,Bed ,
SDOCAwd;0,Major,Sedimentary,Clastic,Siltstone,,,Siltstone,Bed ,
SDXs;0,Major,Sedimentary,Quartzite,,,,Quartzite,Bed ,
SDXs;0,Minor,Sedimentary,Clastic,Conglomerate,,,Conglomerate,Bed ,
SDXs;0,Minor,Sedimentary,Clastic,Mudstone,,,Mudstone,Bed ,
SDXh;0,Major,Igneous,Plutonic,Granitic,Granite,,Granite,Batholith ,
SDXsh;0,Major,Metamorphic,Metasedimentary,Metaclastic,Phyllite,,Phyllite, ,
SDXsh;0,Major,Metamorphic,Metasedimentary,Metaclastic,Slate,,Slate, ,
SDXsh;0,Major,Metamorphic,Schist,,,,Schist, ,
SDXgw;0,Major,Metamorphic,Schist,,,,Schist, ,
SDXgw;0,Major,Metamorphic,Metasedimentary,Metaclastic,Quartzite,,Quartzite, ,
SDXgw3;0,Major,Metamorphic,Schist,,,,Schist, ,
SDXgw3;0,Major,Metamorphic,Metasedimentary,Metaclastic,Quartzite,,Quartzite, ,
SDXgw2;0,Major,Metamorphic,Schist,,,,Schist, ,
SDXgw2;0,"Indeterminate, major",Metamorphic,Metasedimentary,Metaclastic,Quartzite,,Quartzite, ,
SDXgw1;0,Major,Metamorphic,Schist,,,,Schist, ,
SDXgw1;0,Major,Metamorphic,Metasedimentary,Metaclastic,Quartzite,,Quartzite, ,
SDXgwu;0,Major,Metamorphic,Schist,,,,Schist, ,
SDXgwu;0,Major,Metamorphic,Metasedimentary,Metaclastic,Metaconglomerate,,Metaconglomerate, ,
SDXgwu;0,Major,Metamorphic,Gneiss,,,,Gneiss, ,
SDXgwl;0,Major,Metamorphic,Schist,,,,Schist, ,
SDXms;0,Major,Metamorphic,Schist,,,,Schist, ,
SDXms;0,Major,Metamorphic,Metasedimentary,Metaclastic,Phyllite,,Phyllite, ,
SDXbs;0,Major,Metamorphic,Schist,,,,Schist, ,
SDXbs;0,Minor,Sedimentary,Chemical,Chert,,,Chert,Bed ,
SDXsc2;0,Major,Metamorphic,Metasedimentary,Metaclastic,Phyllite,,Phyllite, ,
SDXsc2;0,Major,Metamorphic,Schist,,,,Schist, ,
SDXcg;0,Major,Metamorphic,Metasedimentary,Metaclastic,Phyllite,,Phyllite, ,
SDXcg;0,Major,Metamorphic,Schist,,,,Schist, ,
SDXcg;0,Major,Metamorphic,Metasedimentary,Metaclastic,Quartzite,,Quartzite, ,
SDXcg;0,Major,Sedimentary,Chemical,Banded-iron-formation,,,Banded-iron-formation,Bed ,
SDXsi;0,Major,Metamorphic,Metasedimentary,Metaclastic,Phyllite,,Phyllite, ,
SDXsi;0,Major,Metamorphic,Metasedimentary,Metaclastic,Slate,,Slate, ,
SDXsi;0,Major,Metamorphic,Schist,,,,Schist, ,
SDXsi;0,Minor,Sedimentary,Chemical,Chert,,,Chert,Bed ,
SDXsi;0,Minor,Metamorphic,Amphibolite,,,,Amphibolite, ,
SDXsi;0,Minor,Igneous,Plutonic,Gabbroic,Gabbro,,Gabbro,Dike or sill ,
SDXmg;0,Major,Metamorphic,Amphibolite,,,,Amphibolite, ,
SDXmg;0,Major,Metamorphic,Schist,,,,Schist, ,
SDXmg;0,Major,Metamorphic,Metaigneous,Greenstone,,,Greenstone, ,
SDXmg;0,Major,Metamorphic,Metaigneous,Serpentinite,,,Serpentinite, ,
SDXb1;0,Major,Metamorphic,Amphibolite,,,,Amphibolite, ,
SDXb1;0,Major,Metamorphic,Schist,,,,Schist, ,
SDXb1;0,Major,Metamorphic,Metaigneous,Greenstone,,,Greenstone, ,
SDXb1;0,Minor,Sedimentary,Chemical,Chert,,,Chert, ,
SDXb1;0,Minor,Sedimentary,Chemical,Banded-iron-formation,,,Banded-iron-formation,Bed ,
SDKfl;0,Minor,Sedimentary,Coal,,,,Coal,Bed ,
SDTll;0,Major,Sedimentary,Clastic,Sandstone,,,Sandstone,Bed, 
SDTc;0,Major,Sedimentary,Clastic,Mudstone,Claystone,,Claystone,Bed, 
SDMDpe;0,Major,Sedimentary,Carbonate,Dolostone,,,Dolostone,Bed ,
SDQloi;0,Major,Unconsolidated,Coarse-detrital,Gravel,,,Gravel,"Glacial, outwash ",
SDQlod;0,Major,Unconsolidated,Coarse-detrital,Sand,,,Sand,"Glacial, outwash ",
SDQltg;0,Major,Unconsolidated,Fine-detrital,Silt,,,Silt,"Glacial, till ",
SDQlli;0,Minor,Unconsolidated,Coarse-detrital,Gravel,,,Gravel,Lacustrine ,
SDQal;0,Major,Unconsolidated,Fine-detrital,Clay,,,Clay,Alluvial, 
SDQal;0,Major,Unconsolidated,Fine-detrital,Silt,,,Silt,Alluvial, 
SDQal;0,Major,Unconsolidated,Coarse-detrital,Sand,,,Sand,Alluvial, 
SDQal;0,Major,Unconsolidated,Coarse-detrital,Gravel,,,Gravel,Alluvial, 
SDQal;0,Major,Unconsolidated,Coarse-detrital,Boulders,,,Boulders,Alluvial, 
SDQc;0,Major,Unconsolidated,Fine-detrital,Clay,,,Clay,Colluvial, 
SDQc;0,Major,Unconsolidated,Fine-detrital,Silt,,,Silt,Colluvial, 
SDQc;0,Major,Unconsolidated,Coarse-detrital,Sand,,,Sand,Colluvial, 
SDQc;0,Major,Unconsolidated,Coarse-detrital,Gravel,,,Gravel,Colluvial, 
SDQc;0,Major,Unconsolidated,Coarse-detrital,Boulders,,,Boulders,Colluvial, 
SDQl;0,Major,Unconsolidated,Coarse-detrital,Boulders,,,Boulders,Landslide, 
SDQl;0,Major,Unconsolidated,Coarse-detrital,Sand,,,Sand,Landslide, 
SDQl;0,Major,Unconsolidated,Coarse-detrital,Gravel,,,Gravel,Landslide, 
SDQe;0,Major,Unconsolidated,Fine-detrital,Silt,,,Silt,"Eolian, Loess", 
SDQe;0,Major,Unconsolidated,Coarse-detrital,Sand,,,Sand,Eolian, 
SDQt;0,Major,Unconsolidated,Fine-detrital,Clay,,,Clay,"Terrace, stream ",
SDQt;0,Major,Unconsolidated,Fine-detrital,Silt,,,Silt,"Terrace, stream ",
SDQt;0,Major,Unconsolidated,Coarse-detrital,Sand,,,Sand,"Terrace, stream ",
SDQt;0,Major,Unconsolidated,Coarse-detrital,Gravel,,,Gravel,"Terrace, stream ",
SDTb;0,Major,Sedimentary,Clastic,Sandstone,,,Sandstone,Bed ,
SDQt;0,Major,Unconsolidated,Coarse-detrital,Boulders,,,Boulders,"Terrace, stream ",
SDQlot;0,Major,Unconsolidated,Fine-detrital,Clay,,,Clay,"Glacial, outwash ",
SDQlot;0,Major,Unconsolidated,Fine-detrital,Silt,,,Silt,"Glacial, outwash ",
SDQlot;0,Major,Unconsolidated,Coarse-detrital,Sand,,,Sand,"Glacial, outwash ",
SDQlot;0,"Indeterminate, major",Unconsolidated,Coarse-detrital,Gravel,,,Gravel,"Glacial, outwash ",
SDQlov;0,Major,Unconsolidated,Fine-detrital,Silt,,,Silt,"Glacial, outwash ",
SDQlov;0,Major,Unconsolidated,Coarse-detrital,Sand,,,Sand,"Glacial, outwash ",
SDQlov;0,Major,Unconsolidated,Coarse-detrital,Gravel,,,Gravel,"Glacial, outwash ",
SDQloc;0,Major,Unconsolidated,Coarse-detrital,Sand,,,Sand,"Glacial, outwash ",
SDQloc;0,Major,Unconsolidated,Coarse-detrital,Gravel,,,Gravel,"Glacial, outwash ",
SDQloi;0,Major,Unconsolidated,Coarse-detrital,Sand,,,Sand,"Glacial, outwash ",
SDTw;0,Minor,Sedimentary,Clastic,Mudstone,,,Mudstone,Bed ,
SDQlod;0,Major,Unconsolidated,Coarse-detrital,Gravel,,,Gravel,"Glacial, outwash ",
SDQlo;0,Major,Unconsolidated,Coarse-detrital,Sand,,,Sand,"Glacial, outwash ",
SDQlo;0,Major,Unconsolidated,Coarse-detrital,Gravel,,,Gravel,"Glacial, outwash ",
SDQlo;0,Minor,Unconsolidated,Fine-detrital,Clay,,,Clay,"Glacial, outwash ",
SDQlo;0,Minor,Unconsolidated,Fine-detrital,Silt,,,Silt,"Glacial, outwash ",
SDQll;0,Major,Unconsolidated,Fine-detrital,Clay,,,Clay,Lacustrine ,
SDQll;0,Major,Unconsolidated,Fine-detrital,Silt,,,Silt,Lacustrine ,
SDQll;0,Minor,Unconsolidated,Coarse-detrital,Sand,,,Sand,Lacustrine ,
SDQll;0,Minor,Unconsolidated,Coarse-detrital,Gravel,,,Gravel,Lacustrine ,
SDQlli;0,Major,Unconsolidated,Fine-detrital,Clay,,,Clay,Lacustrine ,
SDQlli;0,Major,Unconsolidated,Fine-detrital,Silt,,,Silt,Lacustrine ,
SDQlli;0,Minor,Unconsolidated,Coarse-detrital,Sand,,,Sand,Lacustrine ,
SDQltg;0,Major,Unconsolidated,Fine-detrital,Clay,,,Clay,"Glacial, till ",
SDQltg;0,Major,Unconsolidated,Coarse-detrital,Sand,,,Sand,"Glacial, till ",
SDQltg;0,Major,Unconsolidated,Coarse-detrital,Gravel,,,Gravel,"Glacial, till ",
SDQltg;0,Major,Unconsolidated,Coarse-detrital,Boulders,,,Boulders,"Glacial, till ",
SDQlts;0,Major,Unconsolidated,Fine-detrital,Clay,,,Clay,"Glacial, till ",
SDQlts;0,Major,Unconsolidated,Fine-detrital,Silt,,,Silt,"Glacial, till ",
SDQlts;0,Major,Unconsolidated,Coarse-detrital,Sand,,,Sand,"Glacial, till ",
SDQlts;0,Major,Unconsolidated,Coarse-detrital,Gravel,,,Gravel,"Glacial, till ",
SDQlts;0,Major,Unconsolidated,Coarse-detrital,Boulders,,,Boulders,"Glacial, till ",
SDQltm;0,Major,Unconsolidated,Fine-detrital,Clay,,,Clay,"Glacial, till ",
SDQltm;0,Major,Unconsolidated,Fine-detrital,Silt,,,Silt,"Glacial, till ",
SDQltm;0,Major,Unconsolidated,Coarse-detrital,Sand,,,Sand,"Glacial, till ",
SDQltm;0,Major,Unconsolidated,Coarse-detrital,Gravel,,,Gravel,"Glacial, till ",
SDQltm;0,Major,Unconsolidated,Coarse-detrital,Boulders,,,Boulders,"Glacial, till ",
SDQlte;0,Major,Unconsolidated,Fine-detrital,Clay,,,Clay,"Glacial, till ",
SDQlte;0,Major,Unconsolidated,Fine-detrital,Silt,,,Silt,"Glacial, till ",
SDQlte;0,Major,Unconsolidated,Coarse-detrital,Sand,,,Sand,"Glacial, till ",
SDQlte;0,Major,Unconsolidated,Coarse-detrital,Gravel,,,Gravel,"Glacial, till ",
SDQlte;0,Major,Unconsolidated,Coarse-detrital,Boulders,,,Boulders,"Glacial, till ",
SDQlt;0,Major,Unconsolidated,Fine-detrital,Clay,,,Clay,"Glacial, till ",
SDQlt;0,Major,Unconsolidated,Fine-detrital,Silt,,,Silt,"Glacial, till ",
SDQlt;0,Major,Unconsolidated,Coarse-detrital,Sand,,,Sand,"Glacial, till ",
SDQlt;0,Major,Unconsolidated,Coarse-detrital,Gravel,,,Gravel,"Glacial, till ",
SDQlt;0,Major,Unconsolidated,Coarse-detrital,Boulders,,,Boulders,"Glacial, till ",
SDQp;0,Major,Unconsolidated,Fine-detrital,Clay,,,Clay,Lacustrine ,
SDQp;0,Minor,Unconsolidated,Coarse-detrital,Sand,,,Sand,Lacustrine ,
SDQit;0,Major,Unconsolidated,Fine-detrital,Clay,,,Clay,"Glacial, till ",
SDQit;0,Major,Unconsolidated,Fine-detrital,Silt,,,Silt,"Glacial, till ",
SDQit;0,Major,Unconsolidated,Coarse-detrital,Sand,,,Sand,"Glacial, till ",
SDQit;0,Major,Unconsolidated,Coarse-detrital,Gravel,,,Gravel,"Glacial, till ",
SDQit;0,Major,Unconsolidated,Coarse-detrital,Boulders,,,Boulders,"Glacial, till ",
SDQo;0,Major,Unconsolidated,Coarse-detrital,Sand,,,Sand,"Glacial, outwash ",
SDQo;0,Major,Unconsolidated,Coarse-detrital,Gravel,,,Gravel,"Glacial, outwash ",
SDQo;0,Minor,Unconsolidated,Fine-detrital,Clay,,,Clay,"Glacial, outwash ",
SDQpit;0,"Indeterminate, major",Unconsolidated,Fine-detrital,Clay,,,Clay,"Glacial, till ",
SDQpit;0,Major,Unconsolidated,Fine-detrital,Silt,,,Silt,"Glacial, till ",
SDQpit;0,Major,Unconsolidated,Coarse-detrital,Sand,,,Sand,"Glacial, till ",
SDQpit;0,Major,Unconsolidated,Coarse-detrital,Gravel,,,Gravel,"Glacial, till ",
SDQpit;0,Major,Unconsolidated,Coarse-detrital,Boulders,,,Boulders,"Glacial, till ",
SDQj;0,Major,Unconsolidated,Coarse-detrital,Sand,,,Sand,Fluvial ,
SDQj;0,Major,Unconsolidated,Coarse-detrital,Gravel,,,Gravel,Fluvial ,
SDQj;0,Minor,Unconsolidated,Fine-detrital,Silt,,,Silt,Eolian ,
SDQj;0,Minor,Unconsolidated,Fine-detrital,Clay,,,Clay,Eolian ,
SDTo;0,Major,Sedimentary,Clastic,Sandstone,,,Sandstone,Bed ,
SDTo;0,Major,Sedimentary,Clastic,Siltstone,,,Siltstone,Bed ,
SDTo;0,Major,Sedimentary,Clastic,Mudstone,Claystone,,Claystone,Bed ,
SDTo;0,Major,Sedimentary,Carbonate,Limestone,,,Limestone,Bed ,
SDTg;0,Major,Sedimentary,Clastic,Conglomerate,,,Conglomerate,Bed ,
SDTb;0,Major,Sedimentary,Clastic,Siltstone,,,Siltstone,Bed ,
SDTb;0,Major,Sedimentary,Clastic,Mudstone,Claystone,,Claystone,Bed ,
SDXq;0,Major,Metamorphic,Metasedimentary,Metaclastic,Quartzite,,Quartzite,, 
SDXq;0,Major,Metamorphic,Schist,,,,Schist,, 
SDXq;0,Minor,Sedimentary,Chemical,Chert,,,Chert,, 
SDXsc1;0,Major,Metamorphic,Metasedimentary,Metaclastic,Phyllite,,Phyllite,, 
SDXsc1;0,Major,Metamorphic,Schist,,,,Schist,, 
SDXd;0,Major,Metamorphic,Metasedimentary,Metacarbonate,Marble,,Marble,, 
SDXd;0,Major,Metamorphic,Metasedimentary,Metaclastic,Phyllite,,Phyllite,, 
SDXif;0,Major,Sedimentary,Chemical,Banded-iron-formation,,,Banded-iron-formation,Bed, 
SDXif;0,Major,Sedimentary,Chemical,Chert,,,Chert,Bed, 
SDXif;0,Minor,Metamorphic,Schist,,,,Schist,, 
SDXc;0,Major,Metamorphic,Schist,,,,Schist,, 
SDXc;0,Minor,Metamorphic,Metasedimentary,Metacarbonate,Marble,,Marble,, 
SDXcq;0,Major,Metamorphic,Schist,,,,Schist,, 
SDXcq;0,Major,Sedimentary,Chemical,Banded-iron-formation,,,Banded-iron-formation,Bed,Taconite=iron-formation 
SDXcq;0,Major,Metamorphic,Metasedimentary,Metaclastic,Phyllite,,Phyllite,, 
SDXWp;0,Major,Igneous,Plutonic,Granitic,Granite,,Granite,Dike or sill, 
SDXWb;0,Major,Metamorphic,Amphibolite,,,,Amphibolite, ,
SDXWb;0,Major,Metamorphic,Schist,,,,Schist, ,
SDXWgw;0,Major,Metamorphic,Schist,,,,Schist, ,
SDXWgw;0,Major,Metamorphic,Metasedimentary,Metaclastic,Quartzite,,Quartzite, ,
SDWgr;0,Major,Igneous,Plutonic,Granitic,Granite,,Granite, ,
SDWm;0,Major,Igneous,Plutonic,Granitic,Granite,,Granite, ,
SDWos;0,Major,Metamorphic,Metasedimentary,Metaclastic,Phyllite,,Phyllite, ,
SDWos;0,Major,Metamorphic,Schist,,,,Schist, ,
SDXb2;0,Major,Igneous,Volcanic,Mafic-volcanic,Basalt,,Basalt,Flow ,
SDXb2;0,Major,Metamorphic,Metaigneous,Greenstone,,,Greenstone, ,
SDXb2;0,"Indeterminate, major",Metamorphic,Schist,,,,Schist, ,
