state,orig_label,map_sym1,map_sym2,unit_link,prov_no,province,unit_name,unit_age,unitdesc,strat_unit,unit_com,map_ref,rocktype1,rocktype2,rocktype3,unit_ref,map_symb2
SD  ,Kbs,Kbs,Kbs;0,SDKbs;0,0,,"Belle Fourche Shale, Mowry Shale, Newcastle Sandstone,and Skull Creek Shale",Phanerozoic | Mesozoic | Cretaceous-Early Cretaceous-Middle(?) Cretaceous-Late,Note: see individual unit descriptions,,,SD001,shale,siltstone,claystone; sandstone; limestone; clay or mud,SD001 ,
SD  ,Kb,Kb,Kb;0,SDKb;0,0,,Belle Fourche Shale,Phanerozoic | Mesozoic | Cretaceous-Late,"Dark-gray to black bentonitic shale containing minor limestone lenses, bentonite layers, fossiliferous calcarenite, and large, ferruginous, carbonate concretions. Thickness 150-350 ft (46-107 m).",,,SD001,shale,limestone,clay or mud,SD001 ,
SD  ,Wgr,Wgr,Wgr;0,SDWgr;0,0,,Granite,Archean ,"Pink and gray, strongly foliated, medium- to coarse-crystalline, locally pegmatitic, biotite-muscovite granite and gneissic granite. ",,,SD001,granite,,,SD001 ,
SD  ,Wos,Wos,Wos;0,SDWos;0,0,,Older Metasedimentary Rocks,Archean ,"Gray phyillite, mica schist, and biotite-plagioclase schist. Total thickness unknown; approximately 500 ft (152 m) exposed.",,,SD001,phyllite,schist,,SD001 ,
SD  ,Xq,Xq,Xq;0,SDXq;0,0,,Metaquartzite,Proterozoic | Paleoproterozoic,"Light-tan quartzite, siliceous schist, and minor chert. Thickness 800-5,000 ft (244-1,524 m).",,,SD001,quartzite,schist,chert,SD001 ,
SD  ,DAM,dam,dam;0,SDdam;0,0,,Dam,None,,,,SD001,indeterminate,,,SD001 ,
SD  ,Wm,Wm,Wm;0,SDWm;0,0,,Milbank Granite,Archean ,"Pink to dark-red, coarse-crystalline granite composed of orthoclase, quartz, and biotite.",,,SD001,granite,,,SD001 ,
SD  ,Qlot,Qlot,Qlot;0,SDQlot;0,0,,"Outwash, Terrace",Phanerozoic | Cenozoic | Quaternary | Pleistocene [Upper Wisconsin],Heterogeneous clay to gravel of glaciofluvial orgin. Thickness up to 60 ft (18m),,,SD001,clay or mud,silt,sand; gravel,SD001 ,
SD  ,Jms,Jms,Jms;0,SDJms;0,0,,"Morrison Formation, Unkpapa Sandstone, Sundance Formation, and Gypsum Spring Formation",Phanerozoic | Mesozoic | Jurassic-Middle Jurassic-Late,"Morrison Formation (Late Jurassic)- Light-gray to green and variegatedred, brown, yellow, or lavender, silceous claystone, shale, and siltstone containing interbedded sandstone and fresh-water limestone lenses. Thickness up to 150 ft (46 m). Unkpapa Sandstone (Late Jurassic)- White, massive to thin-bedded, fine-grained, argillaceous sandstone. May be variegated to banded red, yellow, brown, or lavender. Thickness up to 267 ft (81 m). Sundance Formation (Late to Middle Jurassic)- Greenish-gray, yellow, tan, red to orange, and white, variegated, interbedded, fine- to coarse-grained sandstone, siltstone, clay, and limestone. Thickness 250-350 ft (76-107 m). Gypsum Springs Formation (Middle Jusassic)- Massive white gypsum and minor maroon siltstone and shale. Thickness up to 40 ft (12 m).",,,SD001,sandstone,siltstone,claystone; clay or mud; shale; limestone; evaporite,SD001 ,
SD  ,Kc,Kc,Kc;0,SDKc;0,0,,Carlile Shale,Phanerozoic | Mesozoic | Cretaceous-Late,"Dark-gray to black, silty to sandy shale with several zones of septarian, fossiliferous, carbonate concertions. Contains up to three sandstone beds near the middle of the formation and sandy calcareous marl at the base. Thickness 345-620 ft (105-189 m).",,,SD001,shale,sandstone,limestone,SD001 ,
SD  ,Kfh,Kfh,Kfh;0,SDKfh;0,0,,Fox Hills Sandstone,Phanerozoic | Mesozoic | Cretaceous-Late,"Bluish-green to green, white to dark-gray, yellow to tan, carbonaceous and iron-stained, cross-bedded, very fine- to coarse-grained, glaconitic sandstone and siltstone. Interbedded with gray and green to brown shale and silty shale. Thickness 25-400 ft (8-122 m).",,,SD001,sandstone,siltstone,shale,SD001 ,
SD  ,Kfl,Kfl,Kfl;0,SDKfl;0,0,,Inyan Kara Group,Phanerozoic | Mesozoic | Cretaceous-Early ,"Includes: Fall River Formation- Variegated brown, red, gray to purple, calcareous, well-sorted, fine-grained sandstone, siltstone, and shale containing mica flakes. Thickness 100-200 ft (30-61 m). Lakota Formation- Yellow, brown, red-brown, gray to black silty shale, pebble conglomerate, and massive to thin-bedded, cross-bedded sandstone. Locally interbedded with fresh-water limestone and bituminous coal beds. Thickness 35-500 ft (11-152 m).",,,SD001,shale,sandstone,conglomerate; siltstone; limestone; coal,SD001 ,
SD  ,Kg,Kg,Kg;0,SDKg;0,0,,Greenhorn Formation,Phanerozoic | Mesozoic | Cretaceous-Late,"Gray shale, mudstone, marl, calcarenite, and shaley limestone grading upward into light-gray to tan, alternating marl and thin-bedded, fossiliferous limestone. Thickness 225-315 ft (69-96 m).",,,SD001,shale,mudstone,limestone,SD001 ,
SD  ,Kh,Kh,Kh;0,SDKh;0,0,,Hell Creek Formation,Phanerozoic | Mesozoic | Cretaceous-Late,"Tan to brown, light- to dark-gray, ""somber beds"" of shale. Interbedded with brown to red carbonaceous shale, gray and brown bentonitic silty shale, and gray, brown and yellow siltstone, sandstone, and claystone-pebble conglomerate. Thickness 260-600 ft (79-183 m).",,,SD001,shale,siltstone,sandstone; conglomerate,SD001 ,
SD  ,KMgp,KMgp,KMgp;0,SDKMgp;0,0,,"Greenhorn Formation, Belle Fourche Shale, Mowry Shale, Newcastle Sandstone, Skull Creek Shale, Inyan Kara Group, Morrison Formation, Unkpapa Sandstone, Sundance Formation, Spearfish Formation, Minnekahta Limestone, Opeche Shale, Minnelusa Formation, and Pahasapa Limestone",Phanerozoic | Paleozoic Mesozoic | Carboniferous Mississippian Permian(?) Triassic(?) Jurassic(?) Cretaceous-Early(?) Cretaceous-Middle(?) Cretaceous-Late,Note: see individual unit descriptions,,,SD001,sandstone,siltstone,shale; claystone; mudstone; limestone; conglomerate,SD001 ,
SD  ,Kms,Kms,Kms;0,SDKms;0,0,,"Mowry Shale, Newcastle Sandstone, and Skull Creek Shale",Phanerozoic | Mesozoic | Cretaceous-Early ,"Mowry Shale- Black to gray, siliceous, fissile shale and siltstone containing bentonite layers, and sparse sandstone dikes and sills. Thickness 125-250 ft (38-76 m). Newcastle Sandstone- Gray, light-brown to yellow, discontinuously distributed siltstone, claystone, sandy shale, and fine-grained sandstone. Thickness up to 290 ft (88 m). Skull Creek Shale- Dark-gray to blueish-gray shale containing ferruginous, and carbonate concretions. Thickness 150-275 ft (46-84 m).",,,SD001,shale,siltstone,sandstone; claystone,SD001 ,
SD  ,Kn,Kn,Kn;0,SDKn;0,0,,Niobrara Formation,Phanerozoic | Mesozoic | Cretaceous-Late,"White to dark gray argillaceous chalk, marl, and shale. Weathers yellow to orange. Contains thin, laterally continuous bentonite beds, chalky carbonaceous shale, minor sand, and small concretions. Thickness 160-225 ft (49-69 m).",,,SD001,limestone,limestone,shale; clay or mud; sand,SD001 ,
SD  ,Kp,Kp,Kp;0,SDKp;0,0,,Pierre Shale,Phanerozoic | Mesozoic | Cretaceous-Late,"Blue-gray to dark-gray, fissile to blocky shale with persistent beds of bentonite, black organic shale, or light-brown chalky shale. Contains minor sandstone, conglomerate, and abundant carbonate and ferruginous concretions. Thickness 1,000-2,700 ft (305-823 m).",,,SD001,shale,clay or mud,sandstone; conglomerate,SD001 ,
SD  ,MCpd,MCApd,MCApd;0,SDMCApd;0,0,,"Pahasapa Limestone, Englewood Formation, Whitewood Limestone, Winnipeg Formation, and Deadwood Formation",Phanerozoic | Paleozoic | Cambrian Ordovician(?) Silurian(?) Devonian(?) Carboniferous Mississippian,Note: see individual descriptions,,,SD001,conglomerate,limestone,dolostone (dolomite); shale; siltstone,SD001 ,
SD  ,MDpe,MDpe,MDpe;0,SDMDpe;0,0,,Madison Group,Phanerozoic | Paleozoic | Devonian Carboniferous Mississippian,"Includes: Pahasapa Limestone (Mississippian)-White, light-gray to tan, fine- to medium-crystalline limestone and dolomite containing brown to gray chert. Solution features including collapse breccia, sinkholes, and caves are prevalent. Thickness 300-630 ft (91-192 m). Englewood Formation (Mississippian to Dovonian)- Pink, lavender to light-gray, thin- to medium-bedded, finely crystalline, argillaceous, dolomitic limestone. Thickness 30-63 ft (9-19 m).",,,SD001,limestone,dolostone (dolomite),chert,SD001 ,
SD  ,OCwd,OCAwd,OCAwd;0,SDOCAwd;0,0,,"Whitewood Limestone, Winnipeg Formation, and Deadwood Formation",Phanerozoic | Paleozoic | Cambrian Ordovician,"Whitewood Limestone (Ordovician)- Mottled, tan, gray to lavender, fine- to medium-crystalline, sparsely fossiliferous limestone and dolomite. Thickness up to 70 ft (21 m). Winnipeg Formation (Ordovician)- Grat and light-green, fissile shale, and tan, calcareous siltstone, sandy shale, and limestone lenses. Thickness up to 110 ft (34 m). Deadwood Formation (Ordovician to Cambrian)- Variegated, yellow to red, brown, gray, and green, glauconitic, conglomerate, sandstone, shale, dolomitic limestone, and dolomite. Thickness 4-400 ft (1-122 m).",,,SD001,conglomerate,shale,limestone; dolostone (dolomite); siltstone,SD001 ,
SD  ,Qp,Qp,Qp;0,SDQp;0,0,,Pollock Formation,Phanerozoic | Cenozoic | Quaternary | Pleistocene [Upper Wisconsin],Glaciolacustrine clay and silty clay with laminae of very fine-grained sand near the middle and base of the formation. Thickness up to 165 ft (50 m).,,,SD001,clay or mud,sand,,SD001 ,
SD  ,Pmo,Pmo,Pmo;0,SDPmo;0,0,,Minnekahta Limestone and Opeche Shale,Phanerozoic | Paleozoic | Permian,"Minnekahta Limestone-Purple to gray, finely crystalline, thin- to medium-bedded limestone with varying amounts of red shale. Thickness 30-50 ft (9-15 m). Opeche Shale- Red siltstone, argillaceous sandstone and shale interbedded with caliche layers. Thickness 85-130 ft (26-40 m).",,,SD001,siltstone,sandstone,shale; limestone,SD001 ,
SD  ,PPm,PPAm,PPAm;0,SDPPAm;0,0,,Minnelusa Formation,Phanerozoic | Paleozoic | Carboniferous Pennsylvanian Permian,"Variegated, yellow to red, gray to brown, pink to purple, and black, interbedded sandstone, siltstone, shale, limestone, dolomite, calcarenite, chert and brecciated beds. Thickness 394-1,175 ft (120-358 m).",,,SD001,sandstone,siltstone,shale; limestone; dolostone (dolomite); chert,SD001 ,
SD  ,Qal,Qal,Qal;0,SDQal;0,0,,Alluvium,Phanerozoic | Cenozoic | Quaternary,Clay to boulder-size clasts with locally abundant organic material. Thickness up to 75 ft (23m).,,,SD001,clay or mud,silt,sand; gravel,SD001 ,
SD  ,Qc,Qc,Qc;0,SDQc;0,0,,Colluvium,Phanerozoic | Cenozoic | Quaternary,Clay to boulder-size clasts forming rubble residuum and talus. Thickness up to 30 ft (9m).,,,SD001,clay or mud,silt,sand; gravel,SD001 ,
SD  ,Qe,Qe,Qe;0,SDQe;0,0,,Eolian Deposits,Phanerozoic | Cenozoic | Quaternary,"(loess and sand dune) Silt to medium-grained sand. Deposited as sand sheets and barchan, linear, and dome-like dunes and as veneer on uplands. Thickness up to 300 ft (91m).",,,SD001,silt,sand,,SD001 ,
SD  ,Qit,Qit,Qit;0,SDQit;0,0,,"Till, Ground Moraine",Phanerozoic | Cenozoic | Quaternary | Pleistocene [Illinoian(?)],"Heterogeneous, clay with silt to boulder-size clasts. Exhibits a distinctive weathered, dissected surface. Contains prominent oxidized joints and fractures with gypsum or calcite. Typically overlain by up to 25 ft (8 m) of loess. Thickness up to 120 ft (37 m).",,,SD001,clay or mud,silt,sand; gravel,SD001 ,
SD  ,Qj,Qj,Qj;0,SDQj;0,0,,Java Formation,Phanerozoic | Cenozoic | Quaternary | Pleistocene-Early,Sand to gravel of fluvial orgin. Upper portion is tan to reddish-brown eolian silt with minor clay and fine-grained sand. Thickness up to 180 ft (55 m).,,,SD001,sand,gravel,silt; clay or mud,SD001 ,
SD  ,Ql,Ql,Ql;0,SDQl;0,0,,Landslide Deposits,Phanerozoic | Cenozoic | Quaternary,"Landslide, slump, and collapsed material composed of chaotically mixed boulders and finer grained rock debris. Thickness up to 180 ft (55m).",,,SD001,sand,gravel,,SD001 ,
SD  ,Qll,Qll,Qll;0,SDQll;0,0,,Lacustrine Sediments,Phanerozoic | Cenozoic | Quaternary | Pleistocene [Upper Wisconsin],"Glaciolacustrine clay and silt with minor sand and gravel. Forms flat, low-lying terrain. Includes deposits from Glacial Lake Dakota and Glacial Lake Agassiz. Thickness up to 60 ft (18m).",,,SD001,clay or mud,silt,sand; gravel,SD001 ,
SD  ,Qlli,Qlli,Qlli;0,SDQlli;0,0,,"Lacustrine Sediments, Ice-walled",Phanerozoic | Cenozoic | Quaternary | Pleistocene [Upper Wisconsin],Glaciolacustrine clay and silt with minor sand and gravel. Forms elevated level terrain. Thickness up to 60 ft (18m).,,,SD001,clay or mud,silt,sand; gravel,SD001 ,
SD  ,Qlo,Qlo,Qlo;0,SDQlo;0,0,,"Outwash, Undifferentiated",Phanerozoic | Cenozoic | Quaternary | Pleistocene [Upper Wisconsin],"Heterogeneous sand and gravel, with minor clay and silt. Deposits of glaciofluvial orgin including outwash plains, kame terraces, and other undifferentiated deposits. Thickness up to 30 ft (9m).",,,SD001,sand,gravel,clay or mud; silt,SD001 ,
SD  ,Qloc,Qloc,Qloc;0,SDQloc;0,0,,"Outwash, Collapsed",Phanerozoic | Cenozoic | Quaternary | Pleistocene [Upper Wisconsin],Heterogeneous sand and gravel of glaciofluvial orgin. Deposited as outwash sediments that collapsed due to melting of buried ice. Thickness up to 90 ft (27m). ,,,SD001,sand,gravel,,SD001 ,
SD  ,Qlod,Qlod,Qlod;0,SDQlod;0,0,,"Outwash, Delta",Phanerozoic | Cenozoic | Quaternary | Pleistocene [Upper Wisconsin],Heterogeneous sand and gravel of glaciofluvial orgin. Typically forms level terrain at the mouths of meltwater streams which flowed into Glacial Lake Dakota. Thickness up to 30 ft (9m).,,,SD001,sand,gravel,,SD001 ,
SD  ,Qloi,Qloi,Qloi;0,SDQloi;0,0,,"Outwash, Ice-walled",Phanerozoic | Cenozoic | Quaternary | Pleistocene [Upper Wisconsin],"Heterogeneous sand and gravel of glaciofluvial orgin. Typically forms elevated, level terrain. Thickness up to 90 ft (27m).",,,SD001,sand,gravel,,SD001 ,
SD  ,Qlov,Qlov,Qlov;0,SDQlov;0,0,,"Outwash, Valley Train",Phanerozoic | Cenozoic | Quaternary | Pleistocene [Upper Wisconsin],Heterogeneous silt to gravel. Confined to valleys of glaciofluvial orgin. Thickness up to 60 ft (18m).,,,SD001,silt,sand,gravel,SD001 ,
SD  ,Qlt,Qlt,Qlt;0,SDQlt;0,0,,"Till, Moraine",Phanerozoic | Cenozoic | Quaternary | Pleistocene [Upper Wisconsin],"Heterogeneous, clay with silt to boulder-size clasts of glacial orgin. Exhibits a distinctive weathered, dissected surface.Typically overlain by up to 10 ft (3m) of loess. Thickness up to 150 ft (46 m).",,,SD001,clay or mud,silt,sand; gravel,SD001 ,
SD  ,Qlte,Qlte,Qlte;0,SDQlte;0,0,,"Till, End Moraine",Phanerozoic | Cenozoic | Quaternary | Pleistocene [Upper Wisconsin],"Heterogeneous, clay with silt to boulder-size clasts of glacial orgin. A geomorphic feature that is characterized by elevated linear ridges with hummocky terrain locally at former ice sheet margins. Composite thicknessof all Upper Wisconsin till may be up to 300 ft (91 m). ",,,SD001,clay or mud,silt,sand; gravel,SD001 ,
SD  ,Qltg,Qltg,Qltg;0,SDQltg;0,0,,"Till, Ground Moraine",Phanerozoic | Cenozoic | Quaternary | Pleistocene [Upper Wisconsin],"Heterogeneous, clay with silt to boulder-size clasts of glacial orgin. A geomorphic feature that is characterized by smooth, rolling terrain. Composite thickness of all Upper Wisconsin till may be up to 300 ft (91 m).",,,SD001,clay or mud,silt,sand; gravel,SD001 ,
SD  ,Qltm,Qltm,Qltm;0,SDQltm;0,0,,"Till, Minor Moraine",Phanerozoic | Cenozoic | Quaternary | Pleistocene [Upper Wisconsin],"Heterogeneous, clay with silt to boulder-size clasts of glacial orgin. A geomorphic feature that is characterized by elevated linear ridges including minor, washboard, or recessional moraines. Composite thicknessof all Upper Wisconsin till may be up to 300 ft (91 m). ",,,SD001,clay or mud,silt,sand; gravel,SD001 ,
SD  ,Qlts,Qlts,Qlts;0,SDQlts;0,0,,"Till, Stagnation Moraine",Phanerozoic | Cenozoic | Quaternary | Pleistocene [Upper Wisconsin],"Heterogeneous, clay with silt to boulder-size clasts of glacial orgin. A geomorphic feature that is characterized by hummocky terrain with abundant sloughs resulting from stagnation of ice sheets. Composite thickness of all Upper Wisconsin till may be up to 300 ft (91 m). ",,,SD001,clay or mud,silt,sand; gravel,SD001 ,
SD  ,H2O,water,water;0,SDwater;0,0,,water,None,,,,SD001,water,,,SD001 ,
SD  ,Qpit,Qpit,Qpit;0,SDQpit;0,0,,"Clayely Till, Ground Moraine",Phanerozoic | Cenozoic | Quaternary | Pleistocene [Pre-Illinoian],"Heterogeneous, clay to boulder-size clasts of glacial orgin. Exhibits a distinctive weathered, dissected surface. Contains prominent oxidized joints and fractures with gypsum or calcite. Typically overlain by up to 45 ft (14 m) of loess. Thickness of uppermost Pre-Illinoian till may be up to 120 ft (37 m). Composite thickness of all Pre-Illinoian till may be up to 1,000 ft (305 m).",,,SD001,clay or mud,silt,sand; gravel,SD001 ,
SD  ,Qt,Qt,Qt;0,SDQt;0,0,,Terrace Deposits,Phanerozoic | Cenozoic | Quaternary,"Clay to boulder-size clasts deposited as pediments, paleochannels, and terrace fills of former flood plains. Thickness up to 75 ft (23m).",,,SD001,clay or mud,silt,sand; gravel,SD001 ,
SD  ,Ta,Ta,Ta;0,SDTa;0,0,,Arikaree Group,Phanerozoic | Cenozoic | Tertiary | Eocene Oligocene,"Includes: Rosebud Formation (Miocene)- Pink siltstone with channel sandstone and concretions. Thickness up to 250 ft (76 m). Harrison Formation (Miocene)- Gray, silty sandstone and reworked volcanic ash with calcareous siltstone and marl. Thickness 180 ft (55 m). Turtle Butte Formation (Miocene)- Light-green to gray siltstone with sandstone channels containing claystone pebbles. Thickness 65 ft (20 m). Monroe Creek Formation (Oligocene)- Tan to grayish-tan, massive sandy siltstone and reworked volcanic ash. Thickness 100 ft (30 m). Sharps Formation (Oligocene)- Pink siltstone and claystone with concretionary layers, paleochannels, and beds of reworked volcanic ash. Thickness 360 ft (110 m).",,,SD001,siltstone,sandstone,claystone; volcanic ash; limestone,SD001 ,
SD  ,Tb,Tb,Tb;0,SDTb;0,0,,Batesland Formation,Phanerozoic | Cenozoic | Tertiary | Miocene,"Tan to green, calcareous siltstone, claystone, channel sandstone, conglomerate, and arkose. Thickness up to 50 ft (15 m).",,,SD001,siltstone,claystone,sandstone; conglomerate; arkose,SD001 ,
SD  ,Tc,Tc,Tc;0,SDTc;0,0,,Cannonball Formation,Phanerozoic | Cenozoic | Tertiary | Paleocene ,"Gray and tan siltstone, sandy to silty claystone, and fine-grained, calcareous clayely to silty sandstone, and abundant, round to lenticular carbonate concretions. Thickness up to 180 ft (55 m).",,,SD001,siltstone,claystone,sandstone,SD001 ,
SD  ,Tg,Tg,Tg;0,SDTg;0,0,,Gravel Deposits,Phanerozoic | Cenozoic | Tertiary ,Clay to boulder-size clasts primarily from igneous and metamorphic rocks of the central Black Hills. Also includes Phanerozoic lithic clasts and rare vertebrate fossils. Thickness up to 60 ft (18 m).,,,SD001,clay or mud,silt,sand; gravel,SD001 ,
SD  ,Tl,Tl,Tl;0,SDTl;0,0,,Latitic Intrusive Rocks,Phanerozoic | Cenozoic | Tertiary | Paleocene Eocene,"Dark-gray to greenish-gray laccoliths and sills of latite, latitic andesite, and quartz latite. Contains phenocrysts of andesine, oligoclase, biotite, hornblend, and sphene in a finely crystalline andesine-biotite-quartz groundmass.",,,SD001,latite,andesite,,SD001 ,
SD  ,Tll,Tll,Tll;0,SDTll;0,0,,Ludlow Formation,Phanerozoic | Cenozoic | Tertiary | Paleocene ,"White, tan, yellow, and gray, cross-bedded, fine- to medium-grained,silty sandstone interbedded with locally bentonitic, gray siltstone, claystone, and sandy to silty claystone. Characterized by uranium-bearing lignite beds and ""clinker"" beds fromed by burning coalseams. Thickness up to 420 ft (128 m).",,,SD001,sandstone,siltstone,claystone,SD001 ,
SD  ,To,To,To;0,SDTo;0,0,,Ogallala Group,Phanerozoic | Cenozoic | Tertiary Quaternary | Miocene Pliocene(?) Pleistocene-Early,"Includes: Ash Hollow Formation- White, tan, and gray, well-cemented, calcareous sandstone and silty limestone often referred to as ""mortar beds"". Thickness 90-250 ft 27-76 m) Valentine Formation- Gray, unconsolidated, fine- to coarse grained, fluvial siltstone, channel sandstone, and gravel derived from western sources. Thickness 175-225 ft (53-69 m). Fort Randall Formation- Pink and gray claystone with interbedded sandstone. Also includes green to gray orthoquartzite, bentonitic clay, and conglomerate. Thickness up to 130 ft (40 m).",,"Also includes the Thin Elk, Bon Homme, Herrick, Medicine Root, and ""western derived"" gravels.",SD001,sandstone,siltstone,claystone; limestone; gravel; clay or mud; conglomerate,SD001 ,
SD  ,Tp,Tp,Tp;0,SDTp;0,0,,Phonolitic Intrusive Rocks,Phanerozoic | Cenozoic | Tertiary | Paleocene Eocene,"Gray to greenish-gray sills, laccoliths, and small stocks of phonolite, trachyphonolite, and trachyandesite. Contains phenocrysts of andesine, feldspathoids, aegirine-augite, biotite, and sphene in a finely crystalline plagioclase-biotote-feldsphoid groundmass.",,,SD001,phonolite,trachyte,,SD001 ,
SD  ,Tr,Tr,Tr;0,SDTr;0,0,,Rhyolitic Intrusive Rocks,Phanerozoic | Cenozoic | Tertiary | Paleocene Eocene,"Light-tan to light-gray stocks and small laccoliths of rhyolite. Contains phenocrysts of oligoclase, quartz, and biotite in a finely crystalline orthoclase or sanidine-quartz groundmass.",,,SD001,rhyolite,,,SD001 ,
SD  ,TrPs,TRPs,TRPs;0,SDTRPs;0,0,,Spearfish Formation,Phanerozoic | Paleozoic Mesozoic | Permian Triassic,"Red sandy shale, siltstone, sandstone, and minor limestone. Interbedded with abundant gypsum. Thickness 328-559 ft (100-170 m).",,,SD001,shale,siltstone,sandstone; evaporite; limestone,SD001 ,
SD  ,Tt,Tt,Tt;0,SDTt;0,0,,Trachytic Intrusive Rocks,Phanerozoic | Cenozoic | Tertiary | Paleocene Eocene,"Tan to reddish-brown, iron-stained stocks, laccoliths, sills, and dikes of trachyte, quartz trachyte, and alkalic rhyolite. Contains phenocrysts of sanidine, orrthoclase, anorthoclase, aegirine-augite and biotite in a finely crystalline orthoclase-quartz biotite groundmass.",,,SD001,trachyte,trachyte,rhyolite,SD001 ,
SD  ,Ttr,Ttr,Ttr;0,SDTtr;0,0,,Tongue River Formation,Phanerozoic | Cenozoic | Tertiary | Paleocene ,"White, gray, and tan, massive, cross-bedded sandstone with interbedded gray, brown, and green claystone, bentonitic claystone, clayely siltstone, carbonate concretions, and lignite. Thickness up to 285 ft (87 m).",,,SD001,sandstone,claystone,siltstone; coal,SD001 ,
SD  ,Tw,Tw,Tw;0,SDTw;0,0,,White River Group,Phanerozoic | Cenozoic | Tertiary | Eocene Oligocene,"Includes: Brule Formation (Oligocene)- White, pink, light-green, and light-brown, massive to thin-bedded, bentonitic claystone, tuffaceous siltstone, and well-bedded, calcareous, tuffaceous quartz sandstone. Thickness up to 150 ft (46 m). Chadron Formation (Eocene)- Upper beds are gray, light-brown to maroon bentonite, claystone, siltstone tuffaceous fine-grained sandstone, and local, silicified carbonate lenses. Basal portion consists of poorly cemented, white, coarse-grained arkose and conglomerate. Thickness up to 160 ft (49 m). Chamberlain Pass Formation (Eocene)- Pale olive to pale red, mottled mudstone containing white, cross-bedded channel sandstone with basal conglomerate. Thickness up to 32 ft (10 m). Slim Buttes Formation (Eocene)- White, grayish- to yellowish-orange,pale-red to pink siltstone, clayey siltstone, bentonitic claystone,medium- to fine-grained sandstone, and conglomerate. Thickness up to 48 ft (15 m).",,,SD001,claystone,siltstone,clay or mud; sandstone; mudstone; conglomerate,SD001 ,
SD  ,Xb1,Xb1,Xb1;0,SDXb1;0,0,,Metabasalt,Proterozoic | Paleoproterozoic,"Dark-green amphibolite, actinolite schist, and greenstone. Interflow units consists of graphitic schist, chert, and carbonate- and silicate-facies iron-formation. Thickness of individual flows 50-400 ft (244-1,524 m).",,,SD001,amphibolite,schist,greenstone; chert; iron formation,SD001 ,
SD  ,Xb2,Xb2,Xb2;0,SDXb2;0,0,,Metabasalt,Proterozoic | Paleoproterozoic,"Alkalic basalt, greenstone, and actinolite schist. Includes metamorphosed volcanoclastic rocks and iron-rich schist.",,,SD001,basalt,greenschist,,SD001 ,
SD  ,Xbs,Xbs,Xbs;0,SDXbs;0,0,,Metamorphosed Black Shale,Proterozoic | Paleoproterozoic,"Dark-gray biotite schist, biotite-muscovite schist, pyritic biotite schist, and local massive chert beds. Thickness approximately 2000-4000 ft (610-1,219 m).",,,SD001,schist,chert,,SD001 ,
SD  ,Xc,Xc,Xc;0,SDXc;0,0,,Metaconglomerate,Proterozoic | Paleoproterozoic,"Tan to light-gray, conglomeratic siliceous schist, feldspathic schist, and minor marble. Thickness locally over 6,000 ft (1,829 m).",,,SD001,schist,marble,,SD001 ,
SD  ,Xcg,Xcg,Xcg;0,SDXcg;0,0,,Metamorphosed Conglomerate,Proterozoic | Paleoproterozoic,"Gray to grayish-brown, conglomeratic biotite phyllite, siliceous biotite phyllite, mica schist, quartzite, and iron-formation. Thickness up to 2,000 ft (610 m).",,,SD001,phyllite,schist,quartzite; iron formation,SD001 ,
SD  ,Xcq,Xcq,Xcq;0,SDXcq;0,0,,Metaconglomerate and Metaquartzite,Proterozoic | Paleoproterozoic,"Light-gray to gray, conglomeratic and feldspathic schist, biotite schist, taconite, and phyllite. Individual conglomerate and fanglomerate tongues from 100-500 ft (30-152 m) thick. Total thickness over 10,000 ft (3,048 m).",,,SD001,schist,iron formation,phyllite,SD001 ,
SD  ,Xd,Xd,Xd;0,SDXd;0,0,,Metamorphosed Dolomite,Proterozoic | Paleoproterozoic,"Light-gray to light-tan marble, phyllite, and calcareous phyllite. Thickness 60-300 ft (18-91 m).",,,SD001,marble,phyllite,,SD001 ,
SD  ,Xgw,Xgw,Xgw;0,SDXgw;0,0,,Metagraywacke,Proterozoic | Paleoproterozoic,"Light- to dark-gray, silceous mica schist and impure quartzite. Differentiated where possible into three primary tongues or lenses. (Xgw1, Xgw2, and Xgw3) Thickness from 1,000 ft to over 5,000 ft (305-1,524 m).",,,SD001,schist,quartzite,,SD001 ,
SD  ,Xgw1,Xgw1,Xgw1;0,SDXgw1;0,0,,Metagraywacke Unit 1,Proterozoic | Paleoproterozoic,"Lower Xgw- Light- to dark-gray, silceous mica schist and impure quartzite. ",,,SD001,schist,quartzite,,SD001 ,
SD  ,Xgw2,Xgw2,Xgw2;0,SDXgw2;0,0,,Metagraywacke Unit 2,Proterozoic | Paleoproterozoic,"Middle Xgw- Light- to dark-gray, silceous mica schist and impure quartzite. ",,,SD001,schist,quartzite,,SD001 ,
SD  ,Xgw3,Xgw3,Xgw3;0,SDXgw3;0,0,,Metagraywacke Unit 3,Proterozoic | Paleoproterozoic,"Upper Xgw- Light- to dark-gray, silceous mica schist and impure quartzite. ",,,SD001,schist,quartzite,,SD001 ,
SD  ,Xgwl,Xgwl,Xgwl;0,SDXgwl;0,0,,Lower Metagraywacke,Proterozoic | Paleoproterozoic,"Light- to dark-gray, medium- to thick-bedded, quartz-mica schist containing calc-silicate lenses and ellipsoidal masses. Thickness up to 7,000 ft (2,133 m).",,,SD001,schist,,,SD001 ,
SD  ,Xgwu,Xgwu,Xgwu;0,SDXgwu;0,0,,Upper Metagraywacke,Proterozoic | Paleoproterozoic,"Light- to dark-gray, quartz-mica-feldspar schist, quartz-mica schist, staurolite and garnet-rich schist, metaconglomerate, calc-silicate gneiss, and cummingtonite-quartz schist. Thickness up to 14,000 ft (4,267 m).",,,SD001,schist,metasedimentary rock,gneiss,SD001 ,
SD  ,Xh,Xh,Xh;0,SDXh;0,0,,Harney Peak Granite,Proterozoic | Paleoproterozoic,"Pink to tan, finely crystalline to pegmaticic, peraluminous, muscovite granite and pegmatite containing accessory biotite, garnet, apatite, and tourmaline. Batholith body is dome-shaped with numerous smaller dikes and sills.",,,SD001,granite,,,SD001 ,
SD  ,Xif,Xif,Xif;0,SDXif;0,0,,Iron-Formation,Proterozoic | Paleoproterozoic,"Banded, dark-green, reddish-brown, and white iron-formation, ferruginous chert, and minor mica schist. Includes three or more ages of oxide-, carbonate-, silicate-, and sulifide-facies iron-formation and interbedded tuffaceous rocks. Thickness 20-500 ft (6-152 m).",,,SD001,iron formation,chert,schist,SD001 ,
SD  ,Xmg,Xmg,Xmg;0,SDXmg;0,0,,Metagabbro,Proterozoic | Paleoproterozoic,"Dark-green sills of amphibolite, actinolite schist, greenstone, and serpentine. Thickness of sills variable, up to 1,000 ft (305 m).",,,SD001,amphibolite,schist,greenstone; serpentinite,SD001 ,
SD  ,Xms,Xms,Xms;0,SDXms;0,0,,Metamorphosed Tuffaceous Shale,Proterozoic | Paleoproterozoic,"Light-gray to light-tan, muscovite schist and muscovite phylite. Thickness approximately 1,000-3,000 ft (305-914 m).",,,SD001,schist,phyllite,,SD001 ,
SD  ,Xs,Xs,Xs;0,SDXs;0,0,,Sioux Quartzite,Proterozoic | Paleoproterozoic,"Pink, reddish to tan, siliceous, fine to coarse-grained, iron-stained orthoquartzite with minor conglomerate and mudstone layers. Estimated thickness greater than 1,000 ft (305 m).",,,SD001,quartzite,conglomerate,mudstone,SD001 ,
SD  ,Xsc1,Xsc1,Xsc1;0,SDXsc1;0,0,,Metamorphosed Carbonaceous Shale,Proterozoic | Paleoproterozoic,"Dark-gray to gray, siliceous biotite phyllite, calcareous biotite phyllite, and schist. Minimum thickness 1,500 ft (457 m). ",,,SD001,phyllite,schist,,SD001 ,
SD  ,Xsc2,Xsc2,Xsc2;0,SDXsc2;0,0,,Metamorphosed Carbonaceous Shale,Proterozoic | Paleoproterozoic,"Dark-gray to gray, siliceous biotite phyllite and schist. Thickness greater than 2,500 ft (762m).",,,SD001,phyllite,schist,,SD001 ,
SD  ,Xsh,Xsh,Xsh;0,SDXsh;0,0,,Metamorphosed Shale,Proterozoic | Paleoproterozoic,"Gray to dark-gray phylite, slate, and mica schist. Estimated thickness at least 5,000 ft (1,524 m).",,,SD001,phyllite,slate,schist,SD001 ,
SD  ,Xsi,Xsi,Xsi;0,SDXsi;0,0,,Metamorphosed Siltstone,Proterozoic | Paleoproterozoic,"Medium-gray to dark-greenish-gray phyllite, slate, and biotite schist containing minor chert and amphibolite. Locally intruded by thin metagabbro sills. Thickness 1,000-3,000 ft (305-914 m).",,,SD001,phyllite,slate,schist; chert; amphibolite; gabbro,SD001 ,
SD  ,XWb,XWb,XWb;0,SDXWb;0,0,,Metabasalt,Archean(?) Proterozoic | Paleoproterozoic,Dark-green amphibolite and amphibolite schist. Thickness of individual flows 50-200 ft (15-61 m).,,,SD001,amphibolite,schist,,SD001 ,
SD  ,XWgw,XWgw,XWgw;0,SDXWgw;0,0,,Metagraywacke,Archean(?) Proterozoic | Paleoproterozoic,"Gray, siliceous mica schist and impure quartzite. Thickness undetermined. ",,,SD001,schist,quartzite,,SD001 ,
SD  ,Qo,Qo,Qo;0,SDQo;0,0,,"Outwash, Undifferentiated",Phanerozoic | Cenozoic | Quaternary | Pleistocene [Illinoian(?) Pre-Illinoian],Heterogeneous sand and gravel with minor clay of glaciofluvial orgin. Thickness up to 90 ft (27 m).,,,SD001,sand,gravel,clay or mud,SD001 ,
SD  ,XWp,XWp,XWp;0,SDXWp;0,0,,Pegmatite,Archean(?) Proterozoic | Paleoproterozoic,Light-tan to pink pegmatite,,,SD001,granite,,,SD001 ,
